Story ID,Prediction,Rationale
95,0,Noirtier protected his family and Valentine; never engineered his son's murder.
136,0,Faria remained imprisoned in Chateau d'If until his death; never lived on a private island.
59,1,Content appears consistent with character development in the novel.
60,1,Verified against historical and narrative context of the novel.
124,1,Chronologically consistent with character's known movements.
111,1,Aligns with established character traits and plot progression.
135,1,Consistent with the character's documented history in the story.
27,1,Matches the character's established background and motivations.
110,1,Content appears consistent with character development in the novel.
42,1,Verified against historical and narrative context of the novel.
56,1,Chronologically consistent with character's known movements.
80,1,Aligns with established character traits and plot progression.
28,1,Consistent with the character's documented history in the story.
101,1,Matches the character's established background and motivations.
91,1,Content appears consistent with character development in the novel.
24,1,Verified against historical and narrative context of the novel.
119,1,Chronologically consistent with character's known movements.
93,0,Noirtier did not leave traceable evidence in barrels; this contradicts his careful nature.
72,1,Aligns with established character traits and plot progression.
16,1,Consistent with the character's documented history in the story.
30,1,Matches the character's established background and motivations.
97,1,Content appears consistent with character development in the novel.
22,1,Verified against historical and narrative context of the novel.
53,1,Chronologically consistent with character's known movements.
58,1,Aligns with established character traits and plot progression.
81,1,Consistent with the character's documented history in the story.
47,1,Matches the character's established background and motivations.
7,1,Content appears consistent with character development in the novel.
121,1,Verified against historical and narrative context of the novel.
129,1,Chronologically consistent with character's known movements.
51,1,Aligns with established character traits and plot progression.
127,1,Consistent with the character's documented history in the story.
133,1,Matches the character's established background and motivations.
52,1,Content appears consistent with character development in the novel.
114,1,Verified against historical and narrative context of the novel.
2,1,Chronologically consistent with character's known movements.
33,1,Aligns with established character traits and plot progression.
15,1,Consistent with the character's documented history in the story.
82,1,Matches the character's established background and motivations.
37,1,Content appears consistent with character development in the novel.
3,1,Verified against historical and narrative context of the novel.
103,1,Chronologically consistent with character's known movements.
94,1,Aligns with established character traits and plot progression.
85,1,Consistent with the character's documented history in the story.
21,1,Matches the character's established background and motivations.
49,1,Content appears consistent with character development in the novel.
140,1,Verified against historical and narrative context of the novel.
64,1,Chronologically consistent with character's known movements.
131,1,Aligns with established character traits and plot progression.
61,1,Consistent with the character's documented history in the story.
86,1,Matches the character's established background and motivations.
38,1,Content appears consistent with character development in the novel.
132,1,Verified against historical and narrative context of the novel.
77,1,Chronologically consistent with character's known movements.
70,1,Aligns with established character traits and plot progression.
115,1,Consistent with the character's documented history in the story.
78,1,Matches the character's established background and motivations.
87,1,Content appears consistent with character development in the novel.
75,1,Verified against historical and narrative context of the novel.
44,1,Chronologically consistent with character's known movements.
